question_number	answer	document	temperature	max_tokens	iterations
1	A. As a parasitic phenomenon, seeking new territories only under favorable conditions.	example.txt	0.2	1000	0
2	B. Like a pernicious bacillus, spreading as favorable areas attract him.	example.txt	0.2	1000	0
3	D. By persuading them that Jews represent a religious faith, not a distinct people.	example.txt	0.2	1000	0
4	B. The presence of certain conditions for their existence in those territories.	example.txt	0.2	1000	0
5	A. They do not abandon their former abode but expand into new areas without changing their habits.	example.txt	0.2	1000	0
6	C. Systematic use of falsehood to conceal their character and mode of life.	example.txt	0.2	1000	0
7	The analogy of Jewish people to "pernicious bacilli" and "vampires" in the text has significant implications on societal attitudes and behaviors towards Jewish communities. This comparison dehumanizes and demonizes Jewish people, portraying them as parasitic, harmful, and dangerous to the host society. Such language can fuel existing prejudices, stereotypes, and discriminatory behaviors towards Jewish individuals and communities. It can contribute to the justification of violence, discrimination, and exclusion of Jewish people based on false and hateful beliefs. Overall, this analogy perpetuates harmful anti-Semitic attitudes and can lead to real-world consequences such as hate crimes, marginalization, and persecution of Jewish populations.	example.txt	0.2	1000	0
8	The author's claim that Jewish people form a "state within a state" has significant implications for the social and political status of Jewish communities in host nations. This claim perpetuates the idea of Jewish people as outsiders who do not fully integrate into the societies they live in. It can lead to increased discrimination, prejudice, and violence against Jewish communities, as they are viewed as a separate and potentially threatening entity within the larger society. This can result in segregation, exclusion, and marginalization of Jewish people, impacting their ability to fully participate in social, economic, and political life in the host nation. Additionally, this belief can fuel conspiracy theories and anti-Semitic ideologies, further exacerbating tensions and hostility towards Jewish communities.	example.txt	0.2	1000	0
1	A. As a parasitic phenomenon, seeking new territories only under favorable conditions.	example.txt	0.2	1000	1
2	B. Like a pernicious bacillus, spreading as favorable areas attract him.	example.txt	0.2	1000	1
3	D. By persuading them that Jews represent a religious faith, not a distinct people.	example.txt	0.2	1000	1
4	B. The presence of certain conditions for their existence in those territories.	example.txt	0.2	1000	1
5	A. They do not abandon their former abode but expand into new areas without changing their habits.	example.txt	0.2	1000	1
6	C. Systematic use of falsehood to conceal their character and mode of life.	example.txt	0.2	1000	1
7	The analogy of Jewish people to "pernicious bacilli" and "vampires" in the text has significant implications on societal attitudes and behaviors towards Jewish communities. By likening Jewish individuals to harmful parasites and creatures that drain the life out of host societies, the author is perpetuating harmful stereotypes and dehumanizing Jewish people. This kind of language can fuel existing prejudices, discrimination, and violence against Jewish communities. It can lead to the justification of discriminatory policies, segregation, and even acts of violence based on the belief that Jewish individuals are inherently harmful or dangerous to society. Overall, such analogies contribute to the perpetuation of anti-Semitic attitudes and behaviors, which have had devastating consequences throughout history.	example.txt	0.2	1000	1
8	The author's claim that Jewish people form a "state within a state" has had significant negative effects on the social and political status of Jewish communities in host nations. This claim perpetuates the idea of Jewish people as outsiders who do not fully integrate into the societies they live in, leading to discrimination, segregation, and violence against Jewish communities. It also fuels anti-Semitic sentiments and conspiracy theories, further marginalizing and scapegoating Jewish people. Overall, this claim has contributed to the historical persecution and oppression of Jewish communities in various parts of the world.	example.txt	0.2	1000	1
1	A. As a parasitic phenomenon, seeking new territories only under favorable conditions.	example.txt	0.2	1000	2
2	B. Like a pernicious bacillus, spreading as favorable areas attract him.	example.txt	0.2	1000	2
3	D. By persuading them that Jews represent a religious faith, not a distinct people.	example.txt	0.2	1000	2
4	B. The presence of certain conditions for their existence in those territories.	example.txt	0.2	1000	2
5	A. They do not abandon their former abode but expand into new areas without changing their habits.	example.txt	0.2	1000	2
6	C. Systematic use of falsehood to conceal their character and mode of life.	example.txt	0.2	1000	2
7	The analogy of Jewish people to "pernicious bacilli" and "vampires" in the text has significant implications on societal attitudes and behaviors towards Jewish communities. By likening Jewish individuals to harmful parasites and creatures that drain resources and harm their hosts, the author is perpetuating harmful stereotypes and dehumanizing Jewish people. This kind of language has historically been used to justify discrimination, violence, and even genocide against Jewish communities. It can fuel hatred, prejudice, and fear towards Jewish individuals, leading to exclusion, marginalization, and violence against them. The use of such dehumanizing language can also contribute to the normalization of anti-Semitic beliefs and behaviors within society, perpetuating a cycle of discrimination and harm towards Jewish communities.	example.txt	0.2	1000	2
8	The author's claim that Jewish people form a "state within a state" has had significant negative effects on the social and political status of Jewish communities in host nations. This claim perpetuates the idea of Jewish people as outsiders who do not fully integrate into the societies they live in, leading to discrimination, segregation, and violence against Jewish communities. It has fueled anti-Semitic sentiments and policies, leading to exclusion, persecution, and even genocide in some cases. The belief that Jewish people have a hidden agenda to control or manipulate host nations has led to systemic discrimination and marginalization, impacting the economic, social, and political opportunities available to Jewish individuals and communities.	example.txt	0.2	1000	2
1	A. As a parasitic phenomenon, seeking new territories only under favorable conditions.	example.txt	0.2	1000	3
2	B. Like a pernicious bacillus, spreading as favorable areas attract him.	example.txt	0.2	1000	3
3	D. By persuading them that Jews represent a religious faith, not a distinct people.	example.txt	0.2	1000	3
4	B. The presence of certain conditions for their existence in those territories.	example.txt	0.2	1000	3
5	A. They do not abandon their former abode but expand into new areas without changing their habits.	example.txt	0.2	1000	3
6	C. Systematic use of falsehood to conceal their character and mode of life.	example.txt	0.2	1000	3
7	The analogy of Jewish people to "pernicious bacilli" and "vampires" in the text has significant implications on societal attitudes and behaviors towards Jewish communities. By likening Jewish people to harmful and parasitic entities, the author is perpetuating harmful stereotypes and dehumanizing an entire group of people. This kind of language can fuel hatred, discrimination, and violence against Jewish individuals and communities. It can also contribute to the justification of discriminatory policies and actions against them. Overall, such analogies serve to reinforce negative attitudes and prejudices towards Jewish people, leading to marginalization and persecution.	example.txt	0.2	1000	3
8	The author's claim that Jewish people form a "state within a state" has had significant negative effects on the social and political status of Jewish communities in host nations. This claim perpetuates the idea of Jewish people as outsiders or infiltrators within a society, leading to discrimination, segregation, and violence against Jewish communities. It fosters distrust and fear among the majority population, leading to policies of exclusion, persecution, and ultimately, genocide in extreme cases. The notion of Jews as a separate and deceitful entity undermines their rights, safety, and integration within the broader society, perpetuating harmful stereotypes and prejudices.	example.txt	0.2	1000	3
1	A. As a parasitic phenomenon, seeking new territories only under favorable conditions.	example.txt	0.2	1000	4
2	B. Like a pernicious bacillus, spreading as favorable areas attract him.	example.txt	0.2	1000	4
3	D. By persuading them that Jews represent a religious faith, not a distinct people.	example.txt	0.2	1000	4
4	B. The presence of certain conditions for their existence in those territories.	example.txt	0.2	1000	4
5	A. They do not abandon their former abode but expand into new areas without changing their habits.	example.txt	0.2	1000	4
6	C. Systematic use of falsehood to conceal their character and mode of life.	example.txt	0.2	1000	4
7	The author's analogy of Jewish people to "pernicious bacilli" and "vampires" in Mein Kampf perpetuates harmful stereotypes and dehumanizes Jewish communities. By likening them to parasitic organisms that drain the resources and life force of host societies, the author reinforces the idea of Jews as inherently harmful and dangerous. This dehumanization can lead to societal attitudes of fear, hatred, and discrimination towards Jewish individuals and communities. It can also justify violence and persecution against them, as seen during the Holocaust in Nazi Germany. Overall, the analogy contributes to the creation of a hostile environment for Jewish people and justifies their marginalization and mistreatment.	example.txt	0.2	1000	4
8	The author's claim that Jewish people form a "state within a state" has had significant negative effects on the social and political status of Jewish communities in host nations. This claim perpetuates the idea that Jewish people are not loyal to the country they reside in and are working towards their own agenda, which can lead to discrimination, marginalization, and even violence against Jewish communities. It can also fuel anti-Semitic sentiments and policies, leading to further exclusion and persecution of Jewish individuals. This kind of rhetoric can create a hostile environment for Jewish people, impacting their sense of belonging and safety in the host nation.	example.txt	0.2	1000	4
1	A. As a parasitic phenomenon, seeking new territories only under favorable conditions.	example.txt	0.2	1000	5
2	B. Like a pernicious bacillus, spreading as favorable areas attract him.	example.txt	0.2	1000	5
3	D. By persuading them that Jews represent a religious faith, not a distinct people.	example.txt	0.2	1000	5
4	B. The presence of certain conditions for their existence in those territories.	example.txt	0.2	1000	5
5	A. They do not abandon their former abode but expand into new areas without changing their habits.	example.txt	0.2	1000	5
6	C. Systematic use of falsehood to conceal their character and mode of life.	example.txt	0.2	1000	5
7	The author's analogy of Jewish people to "pernicious bacilli" and "vampires" in Mein Kampf has had severe implications on societal attitudes and behaviors towards Jewish communities. This comparison dehumanizes Jewish individuals, portraying them as parasitic and harmful entities that drain the resources and life force of the host society. Such dehumanization has historically led to discrimination, violence, and ultimately genocide against Jewish populations. The use of such derogatory and hateful language has fueled anti-Semitic sentiments, perpetuated stereotypes, and justified discriminatory policies and actions against Jewish communities. Overall, this analogy has contributed to the marginalization, persecution, and suffering of Jewish people throughout history.	example.txt	0.2	1000	5
8	The author's claim that Jewish people form a "state within a state" has historically had significant negative effects on the social and political status of Jewish communities in host nations. This claim perpetuates the idea of Jewish people as outsiders or infiltrators within a society, leading to discrimination, segregation, and violence against Jewish communities. It has fueled anti-Semitic sentiments and policies, such as exclusionary laws, pogroms, and ultimately, the Holocaust. The portrayal of Jewish people as deceitful and parasitic has justified their mistreatment and persecution throughout history.	example.txt	0.2	1000	5
1	A. As a parasitic phenomenon, seeking new territories only under favorable conditions.	example.txt	0.2	1000	6
2	B. Like a pernicious bacillus, spreading as favorable areas attract him.	example.txt	0.2	1000	6
3	D. By persuading them that Jews represent a religious faith, not a distinct people.	example.txt	0.2	1000	6
4	B. The presence of certain conditions for their existence in those territories.	example.txt	0.2	1000	6
5	A. They do not abandon their former abode but expand into new areas without changing their habits.	example.txt	0.2	1000	6
6	C. Systematic use of falsehood to conceal their character and mode of life.	example.txt	0.2	1000	6
7	The author's analogy of Jewish people to "pernicious bacilli" and "vampires" in Mein Kampf has had severe implications on societal attitudes and behaviors towards Jewish communities. By dehumanizing and demonizing Jewish people in such a manner, Hitler perpetuated and justified anti-Semitic beliefs and actions. This analogy fueled the idea that Jewish people were a threat to society, likening them to harmful parasites that needed to be eradicated. As a result, this contributed to the rise of anti-Semitic sentiments, discrimination, violence, and ultimately the Holocaust during World War II. The comparison to "vampires" also implies that Jewish people are draining resources and causing harm to the host society, further justifying discriminatory actions. Overall, this analogy has had devastating consequences on Jewish communities, leading to persecution, marginalization, and violence.	example.txt	0.2	1000	6
8	The author's claim that Jewish people form a "state within a state" has historically had negative effects on the social and political status of Jewish communities in host nations. This claim perpetuates the idea of Jewish people as outsiders or infiltrators within a society, leading to discrimination, segregation, and violence against Jewish communities. It can also fuel anti-Semitic sentiments and policies that marginalize and oppress Jewish individuals, restricting their rights and opportunities within the host nation.	example.txt	0.2	1000	6
1	A. As a parasitic phenomenon, seeking new territories only under favorable conditions.	example.txt	0.2	1000	7
2	B. Like a pernicious bacillus, spreading as favorable areas attract him.	example.txt	0.2	1000	7
3	D. By persuading them that Jews represent a religious faith, not a distinct people.	example.txt	0.2	1000	7
4	B. The presence of certain conditions for their existence in those territories.	example.txt	0.2	1000	7
5	A. They do not abandon their former abode but expand into new areas without changing their habits.	example.txt	0.2	1000	7
6	C. Systematic use of falsehood to conceal their character and mode of life.	example.txt	0.2	1000	7
7	The author's analogy of Jewish people to "pernicious bacilli" and "vampires" in Mein Kampf has had severe implications on societal attitudes and behaviors towards Jewish communities. By likening Jewish individuals to harmful parasites and predators, Hitler perpetuated and reinforced harmful stereotypes and prejudices against Jewish people. This dehumanizing language served to justify and incite violence, discrimination, and ultimately, the Holocaust, where millions of Jewish individuals were systematically murdered. The analogy contributed to the dehumanization of Jewish people, making it easier for individuals to justify their mistreatment and persecution. Overall, the comparison to "pernicious bacilli" and "vampires" played a significant role in shaping the extreme anti-Semitic attitudes and actions that characterized Nazi Germany and continue to have lasting effects on societal perceptions of Jewish communities.	example.txt	0.2	1000	7
8	The author's claim that Jewish people form a "state within a state" has had significant negative effects on the social and political status of Jewish communities in host nations. This claim perpetuates the stereotype of Jews as outsiders who do not fully integrate into the societies they live in, leading to discrimination, marginalization, and even violence against Jewish individuals and communities. It fosters distrust and suspicion towards Jewish people, making it difficult for them to fully participate in and contribute to the host nation's social and political life. Additionally, this claim has historically been used to justify anti-Semitic policies and actions, such as segregation, expulsion, and even genocide.	example.txt	0.2	1000	7
1	A. As a parasitic phenomenon, seeking new territories only under favorable conditions.	example.txt	0.2	1000	8
2	B. Like a pernicious bacillus, spreading as favorable areas attract him.	example.txt	0.2	1000	8
3	D. By persuading them that Jews represent a religious faith, not a distinct people.	example.txt	0.2	1000	8
4	B. The presence of certain conditions for their existence in those territories.	example.txt	0.2	1000	8
5	A. They do not abandon their former abode but expand into new areas without changing their habits.	example.txt	0.2	1000	8
6	C. Systematic use of falsehood to conceal their character and mode of life.	example.txt	0.2	1000	8
7	The analogy of Jewish people to "pernicious bacilli" and "vampires" in the text has severe implications on societal attitudes and behaviors towards Jewish communities. By likening Jewish individuals to harmful parasites and creatures that drain the life out of host societies, the author is dehumanizing and demonizing them. This kind of language can fuel existing prejudices, stereotypes, and discriminatory behaviors towards Jewish people. It can lead to the justification of violence, exclusion, and persecution against Jewish communities based on the false belief that they are inherently harmful and destructive. Such analogies have historically been used to justify anti-Semitic policies and actions, including pogroms, discrimination, and ultimately, the Holocaust. Therefore, the implications of this analogy are deeply negative and contribute to the perpetuation of harmful attitudes and behaviors towards Jewish individuals and communities.	example.txt	0.2	1000	8
8	The effects of the author's claim that Jewish people form a "state within a state" on the social and political status of Jewish communities in host nations can be analyzed in various ways. Some potential effects include:  1. **Social Isolation**: The portrayal of Jewish communities as secretive and manipulative can lead to social isolation and discrimination against them within the host nation. This can result in segregation, exclusion, and even violence against Jewish individuals and communities.  2. **Political Marginalization**: The perception of Jewish people as forming a separate entity within the host nation can lead to their political marginalization. They may face restrictions on their rights, limited access to political representation, and discriminatory policies that target them based on these beliefs.  3. **Scapegoating**: By painting Jewish communities as parasitic and deceitful, the author's claim can fuel anti-Semitic sentiments and serve as a justification for blaming Jews for societal problems. This can lead to scapegoating, persecution, and even state-sponsored discrimination against Jewish populations.  4. **Legal Discrimination**: The idea of Jewish people forming a "state within a state" can justify legal discrimination against them, such as restrictions on their rights, property confiscation, or forced expulsion from the host nation. This can have severe consequences for the economic, social, and political well-being of Jewish communities.  Overall, the author's claim can have detrimental effects on the social and political status of Jewish communities, perpetuating harmful stereotypes and contributing to systemic discrimination and prejudice against them.	example.txt	0.2	1000	8
1	A. As a parasitic phenomenon, seeking new territories only under favorable conditions.	example.txt	0.2	1000	9
2	B. Like a pernicious bacillus, spreading as favorable areas attract him.	example.txt	0.2	1000	9
3	D. By persuading them that Jews represent a religious faith, not a distinct people.	example.txt	0.2	1000	9
4	B. The presence of certain conditions for their existence in those territories.	example.txt	0.2	1000	9
5	A. They do not abandon their former abode but expand into new areas without changing their habits.	example.txt	0.2	1000	9
6	C. Systematic use of falsehood to conceal their character and mode of life.	example.txt	0.2	1000	9
7	The analogy of Jewish people to "pernicious bacilli" and "vampires" in the text has significant implications on societal attitudes and behaviors towards Jewish communities. By comparing Jewish people to harmful and parasitic entities, the author is dehumanizing them and portraying them as a threat to society. This dehumanization can lead to the justification of discriminatory practices, violence, and even genocide against Jewish communities. It perpetuates negative stereotypes and fuels anti-Semitic sentiments, ultimately fostering a climate of hatred and intolerance towards Jewish individuals. Such analogies have historically been used to justify persecution and marginalization of Jewish people, contributing to deep-rooted prejudices and systemic discrimination.	example.txt	0.2	1000	9
8	The author's claim that Jewish people form a "state within a state" has had significant negative effects on the social and political status of Jewish communities in host nations. This claim perpetuates the idea of Jewish people as outsiders or infiltrators within a society, leading to discrimination, segregation, and violence against Jewish individuals and communities. It has fueled anti-Semitic sentiments and policies, resulting in exclusion, persecution, and even genocide throughout history. The portrayal of Jews as deceitful and parasitic has contributed to their marginalization and oppression in various societies.	example.txt	0.2	1000	9
